Tissue	TTT	TTC	TTA	TTG	CTT	CTC	CTA	CTG	ATT	ATC	ATA	ATG	GTT	GTC	GTA	GTG	TAT	TAC	TAA	TAG	CAT	CAC	CAA	CAG	AAT	AAC	AAA	AAG	GAT	GAC	GAA	GAG	TCT	TCC	TCA	TCG	CCT	CCC	CCA	CCG	ACT	ACC	ACA	ACG	GCT	GCC	GCA	GCG	TGT	TGC	TGA	TGG	CGT	CGC	CGA	CGG	AGT	AGC	AGA	AGG	GGT	GGC	GGA	GGG	
Adipose - Subcutaneous	2380126.01	3288670.14	844545.07	1799065.04	1859245.44	2933509.91	912180.71	6546162.38	2451095.83	3665411.22	841195.41	3657987.76	1692061.13	2411875.53	999848.96	4794629.3	1791122.04	2528383.01	169109.37	83810.7	1433191.89	2324162.78	1599941.03	5634871.93	2429664.13	3296186.24	3936609.66	6499454.76	3669057.15	4493714.43	4450237.28	6991855.98	2188039.27	2766374.08	1533710.59	761291.14	2820385.21	3378829.19	2545219.24	1155875.04	1948229.74	3206665.08	2072781.3	1009803.48	3180773.11	4999918.87	2396695.96	1292055.65	1372446.63	1922763.97	185879.7	1748710.85	903149.76	2084160.41	1044112.54	2029491.06	1594676.54	2965342.86	1666216.83	1697118.81	2130135.04	4211770.21	2640476.14	2675970.45	
Muscle - Skeletal	2426025.24	3720469.75	798268.43	1714872.44	1748108.39	3160733.28	861952.17	7271139.31	2714923.56	4863050.5	838509.22	4337709.52	1786149.79	2581672.19	1085593.56	5605997.66	1813133.52	2920586.64	131539.79	135194.82	1458440.26	2567235.76	1564805.12	6197260.55	2446237.54	3846172.33	4411452.53	8274237.06	4071854.98	5479142.14	5210152.05	9532812.48	2163323.46	3101429.62	1542640.31	829722.54	2722691.77	3305551.76	2503965.01	1120325.62	2208894.7	3805333.69	2216763.35	1092338.39	3541133.42	5815530.38	2596517.46	1390179.79	1134614.3	1735461.72	155042.04	1777760.81	981768.68	2533291.57	991032.16	2096167.32	1547362.54	2869763.78	1652622.47	1791862.95	2178628.84	4550943.25	2418109.21	2713277.77	
Artery - Tibial	2820059.72	4058311.5	999014.27	2177549.33	2196196.74	3642398.82	1111371.99	8247848.38	2989676.27	4761451.29	996519.09	4649190.95	2040519.83	3027202.74	1201520.39	6023796.85	2218216.06	3197428.6	188768.46	117392.73	1785627.85	2828659.3	1995122.05	7418318.63	3035691.48	4293433.6	4817928.11	8510653.52	4581619.59	5935808.17	5778434.58	9782245.89	2668738.68	3536933.55	1880187.44	949900.96	3472738.05	4246092.93	3126825.12	1452562.89	2452500.36	4113450.21	2582964.67	1281726.29	3969517.61	6507091.81	3003941.16	1623376.98	1726721.63	2420260.56	213583.52	2069788.31	1155652.01	2721218.26	1290052.2	2616729.92	1965863.7	3812060.62	1995133.81	2127724.33	2548832.61	5437021.01	3243791.18	3382319.55	
Artery - Coronary	2595048.74	3771655.92	921503.47	1984063.65	2023112.37	3347408.51	1010756.35	7553524.7	2706080.92	4327052.8	920184.71	4178615.14	1873412.88	2777154.75	1100685.75	5482944.95	2022980.17	2952787.26	179178.39	106896.98	1620747.48	2622086.1	1813025.92	6578050.06	2754291.89	3894269.06	4331700.89	7539594.71	4136818.58	5318704.73	5156646.9	8559497.6	2421623.93	3191825.88	1698024.5	856981.18	3222108.42	3923840.29	2858850.46	1340914.65	2235633.94	3763285.42	2336722.79	1165982.67	3615824.29	5872429.03	2695329.52	1492545.34	1604814.02	2291238.03	205106.95	1966176.76	1041780.57	2461700.02	1164766.53	2332699.08	1759024.03	3429334.37	1828661.61	1946545.57	2418649.33	4989705.11	3033734.18	3109226.2	
Heart - Atrial Appendage	1538609.56	2522645.32	578306.48	1202513.48	1148000.64	2286444.23	648035.07	5014475.69	1638490.86	2698722.06	534852.73	2718097.98	1036655.28	1692146.17	634070.78	3487237.09	1104822.78	1830631.48	95442.93	68959.98	977672.04	1556008.67	1054497.97	4172542.83	1670707.37	2428175.49	2505011.96	5077310.35	2550637.99	3406209.1	3187087.85	5951001.94	1436024.74	2076694.42	983301.45	525358.36	1831100.43	2337321.44	1617266.09	745293.13	1321440.99	2447630.54	1340205.66	700740.6	2265934.81	3860664.92	1687758.13	999561.83	847579.86	1236966.01	163822.42	1189529.9	617811.66	1499619.17	677764.27	1603654.22	1016791.75	2236947.37	1087570.65	1270938.41	1363307.17	2902000.41	1713394.02	1930438.74	
Adipose - Visceral (Omentum)	2215020.5	3098869.03	774061.01	1649394.68	1704349.09	2708970.5	842809.57	6095035.66	2254759.97	3429285.96	782208.44	3377405.76	1574397.94	2256182.12	926261.44	4449861.11	1662455.26	2382404.61	161681.98	80506.67	1314572.06	2169780.23	1466329.99	5152127.72	2237009.16	3066353.88	3644339.17	6029542.13	3357410.92	4158920.65	4085165.71	6430954.82	2023930.26	2589346.89	1407213.79	716091.6	2577560.23	3150351.8	2310697.23	1078082.67	1806677.36	3027485.57	1901296.88	943100.57	2939911.8	4664066.06	2197228.73	1227129.35	1300973.06	1832112.43	181062.43	1632099.41	827647.59	1941549.71	968012.8	1863723.59	1467022.95	2770021.21	1534680.06	1574621.75	1970428.99	3947285.84	2432534.53	2482735.98	
Uterus	2616476.92	3702274.42	941587.65	2015096.18	2037570.29	3305423.38	1020346.92	7414799.47	2771807.58	4301179.19	917379.78	4231270.51	1882691.05	2741912.4	1121034.56	5506970.07	2034652.78	2879033.06	177320.07	101236.33	1650454.98	2665209.24	1805785.49	6636714.33	2736358.6	3784076.51	4483106.94	7773768.13	4180020.45	5250995.81	5141907.72	8594328.09	2492539.84	3181153.18	1762354.75	859419.4	3282392.17	3953963.76	2907144.05	1336901.08	2221379.19	3663713.29	2349034.89	1170257.05	3701394.52	5844138.14	2749216.72	1496352.39	1538673.39	2105359.56	197700.27	1930447.43	1085195.93	2483598.96	1261697.57	2448999.27	1846717.7	3439563.63	1905261.8	1976958.84	2452963.74	4978802.25	3009440.19	3126673.66	
Vagina	2547893.7	3538172.32	838799.05	1845151.19	1887014.15	3187874.25	954411.5	7354845.76	2593456.5	4167684.21	889100.64	4016851.75	1798025.23	2681065.39	1000965.44	5141290.9	1934729.22	2791910.09	210243.74	101645.24	1487861.65	2520815.51	1733842.42	6475247.79	2569648.61	3758339.82	4141994.66	7432926.7	3815149.95	4896370.64	4650093.73	8286362.57	2410393.19	3082905.19	1627989.27	775770.58	2992784.01	3498128.51	2674001.4	1148122.08	2125547.39	3743223.48	2194891.39	1085292.47	3410989.92	5526976.88	2538377.8	1352929.97	1480324.49	2048929.02	193663.28	1796673.62	984664.54	2396161.79	1110166.7	2214795.61	1789296.55	3539350.16	1750253.83	1936200.41	2679793.73	5070857.22	2953502.63	2930322.23	
Breast - Mammary Tissue	2208274.41	3015976.01	790482.36	1670420.22	1737699.66	2695690.04	843085.35	6043191.82	2285591.25	3399763.56	783763.03	3406018.91	1585263.88	2228096.58	938900.45	4423488.69	1675165.35	2349815.26	161072.38	79054.6	1329125.34	2146791.37	1472243.71	5217342.39	2264101.89	3029811.07	3690267.36	6099210.49	3380495.95	4093083.96	4118465.89	6459370.49	2041475.42	2563606.14	1424367.2	697739.01	2567625.01	3077529.74	2321464.68	1067747.2	1816774.57	2942230.73	1917799.77	923231.54	2962609.53	4639112.17	2222800.68	1198474.05	1266932.17	1750140.87	180625.99	1617609.54	846938.63	1957214.76	997998.24	1904441.45	1488497.06	2752028.67	1581094.97	1603511.11	1958181.6	3864071.51	2391839.86	2455614.68	
Skin - Not Sun Exposed (Suprapubic)	2410878.57	3088467.37	756333.18	1676052.84	1793637.73	2852605.91	844295.06	6730165.03	2409651.51	3711279.48	798406.34	3531657.23	1571619.55	2310816.91	945733.14	4675561.36	1815393.58	2619963.65	177521.68	81585.67	1387908.19	2284402.72	1641849.02	5923943.52	2427230.03	3381754.76	3699124.36	6684435.47	3482048.27	4353639.66	4281661.07	7231728.55	2399844.15	3256649.66	1637609.02	720532.9	2507820.93	3082505.61	2206852.51	1080014.68	1920272.51	3224472.93	1968273.01	917037.39	3139193.28	5052546.48	2242876.99	1239678.71	1227866.84	1828849.68	184423.63	1600760.43	939874.84	2245822.55	1077398.59	2045875.08	1805092.88	3577388.14	1702372.67	1774411.69	2831548.07	5451615.05	3157108.02	2810527.36	
Minor Salivary Gland	2311260.13	2984739.43	825333.25	1637714.9	1745043.83	2672803.93	956770.18	6039994.46	2295773.22	3382570.94	785541.12	3314099.79	1609046.39	2309296.41	909045.17	4442921.39	1708212.32	2345976.55	181945.31	95097.85	1314545.25	2102462.37	1656355.14	5241260.46	2432640.77	3166414.01	3626506.7	5833941.14	3269621.49	4048880.6	3900775.85	6371944.98	2312215.11	2760702.02	1601147.6	666898.41	2830653.88	3124695.15	3210909.7	998328.72	2361425.92	3487599.29	2418366.22	952349.38	3424502.39	4730375.2	2417727.04	1063300.3	1456715.34	1844891.09	168843.45	1659946.3	849890.97	1812355.29	942449.08	1738785.65	1551567.08	2857687.62	1671802.67	1657766.39	1933906.11	3817339.59	2330421.57	2357377.06	
Brain - Cortex	1548629.26	2282807.27	537235.9	1171802.38	1152354.23	2084576.39	615612.5	4703758.71	1561321.96	2584815.75	530401.34	2513783.97	1021459.85	1609639.92	638697.64	3359609.92	1142796.47	1767654.2	86226.88	60873.84	956217.34	1648222.1	1001122.2	3942752.49	1522864.39	2221315.85	2337930.27	4287045.23	2378756.9	3194586.88	2893945.06	5236275.3	1402749.94	1970967.35	1040593.24	565553.37	1746975.02	2391594.5	1631298.34	882863.31	1223274.95	2216918.65	1359620.97	756738.01	2086857.05	3604074.01	1653717.39	1014378.15	818618.88	1214928.07	132897.37	1211210.46	573911.67	1491177.56	702347.4	1526972.03	1080418.6	2144256.52	1010992.34	1165702.54	1214184.88	2866196.53	1624015.8	1889743.35	
Adrenal Gland	1903694.51	2630640.63	691322.18	1489650.01	1467386.68	2332052.9	740345.23	5259546.91	1930488.86	2922451.56	700224.09	2915611.23	1317061.15	1850178.56	784505.58	3818455.53	1413045.56	1964970.15	119946.43	67472.53	1128831.84	1825473.32	1202790.28	4386626.87	1916828.07	2486447.66	2966316.04	5010387.54	2765151.11	3377209.86	3389707.91	5433709.84	1661717.78	2068004.21	1179493.49	556603.06	2033101.98	2545291.81	1859092.5	876166.84	1478533.24	2432891.53	1608744.97	733738.77	2458329.19	3891811.99	1869562.98	1025282.25	1022906.62	1360679.86	155821.8	1478609.78	698655.05	1598208.54	813552.72	1585270.95	1238847.69	2266749.24	1254764.72	1346911.46	1534828.82	3123806.32	1919376.25	2044423.66	
Thyroid	2380233.15	3222226.74	851213.44	1781339.73	1843448.71	2898501.2	913390.77	6424516.54	2364820.79	3499918.4	835990.1	3522893.73	1636458.22	2318447.64	983369.11	4662788.47	1755076.09	2475543.83	147364.27	81213.68	1437053.38	2290538.16	1592868.11	5636547.62	2355781.6	3142600.06	3749817.76	6202336.01	3545762.16	4322267.79	4359125.92	6919170.25	2209572.45	2757147.84	1577969.07	751587.13	2721437.7	3266716.67	2510636.07	1158288.01	1886252.84	3073769.12	2061094.05	980769.24	3108079.1	4879160.48	2380814.19	1287532.89	1397682.89	1915085.3	183638.07	1766884.65	874335.73	2020029.22	1049503.78	2051559.81	1639980.92	2981635.24	1662866.89	1721601.5	1956672.36	4019158.76	2505762.26	2637273.99	
Lung	2510595.15	3664676.96	885182.28	1906663.21	1959060.03	3290558.98	1000158.22	7365246.09	2536600.88	3971752.17	894661.34	3942446.99	1755903.06	2638315.86	1063761.17	5260763.82	1910605.88	2783250.8	169186.17	97990.04	1535245.03	2603553.09	1719545.83	6137497.19	2561297.96	3550450.66	4007034.52	6849325.1	3809139.88	4879170.49	4630084.92	7660063.11	2353119.05	3064322.16	1680193.7	812755.26	3061184.31	3709199.01	2765160.79	1284142.16	2088189.58	3578116.49	2235951.5	1097399.83	3375356.32	5499985.19	2576201.46	1445340.47	1529121.21	2153164.64	207122.52	1929843.31	921135.78	2175117.17	1097426.38	2124215.58	1713290.26	3314737.15	1733359.47	1852922.41	2196865.62	4609523.56	2791733.47	2953637.78	
Spleen	1960349.22	2901007.51	684225.31	1499803.58	1538728.31	2570594.53	786845.16	5954590.35	1957394.67	3047545.81	693700.36	3134728.16	1366022.0	2045601.97	809405.89	4190725.7	1487610.21	2137429.78	162545.94	77810.7	1226640.26	2194694.23	1306052.47	4835079.44	1943980.78	2752225.22	3206780.36	5630348.86	2933541.37	3808175.36	3559418.04	6055322.21	1863865.7	2375700.57	1294881.33	631346.54	2308810.98	2873105.71	2130098.27	1033115.15	1595661.8	2805286.91	1720493.11	840865.29	2668712.15	4380487.48	1987130.99	1190752.62	1148866.44	1572341.05	165584.54	1555965.13	769224.23	1751142.52	896945.57	1795060.1	1338944.19	2558680.13	1386371.67	1517559.22	1706854.76	3577757.52	2050997.99	2311728.76	
Pancreas	2291554.06	3133589.23	479483.72	1379469.75	1362758.04	3124510.91	624903.09	5402247.98	2342497.16	3803324.02	645762.8	2717794.47	1810878.83	2471790.24	650448.79	4687801.09	1976329.63	2929203.12	98719.24	210246.54	1279010.19	1937632.87	1280464.07	4173642.58	2634846.29	3726788.86	2762475.4	5202021.93	2983008.53	4162803.39	3036391.38	5080952.93	2140182.68	3167994.06	1274848.37	610201.65	2092828.01	3431752.36	1899415.73	788648.15	1774470.93	3266309.17	1839620.63	988754.79	2619556.79	4983780.17	1866903.18	805977.56	1699839.03	2294248.53	166900.18	2718628.09	718712.55	1689389.6	782311.18	1402431.87	1602174.3	2919777.9	1227463.34	1157207.83	1994202.59	4086744.59	2724521.82	2313372.61	
Esophagus - Muscularis	2317713.49	3406922.68	817699.89	1796629.52	1781098.3	3073794.78	932334.64	6959312.3	2508115.12	4008734.57	805288.44	3943819.19	1631647.97	2510924.34	969111.73	5070416.71	1799142.07	2612493.86	152816.04	92780.81	1450367.62	2340753.0	1594320.03	6338448.16	2440126.29	3556824.59	3967686.63	7386580.46	3772549.41	4988384.13	4755421.65	8608860.58	2168206.23	2923353.63	1539184.1	812887.7	2750992.76	3415931.25	2511799.69	1144228.48	1930123.32	3387136.36	2131897.72	1106077.94	3310396.59	5590563.05	2498766.04	1409248.39	1313192.88	1810446.9	174918.69	1675679.73	926711.46	2297453.95	1111946.05	2275618.34	1616549.56	3056893.11	1628001.55	1788734.5	2029049.06	4451506.68	2590286.69	2789400.53	
Esophagus - Mucosa	2570890.5	3490133.85	748332.27	1723614.34	1772428.53	3262269.81	929454.28	7672616.48	2538359.87	4328123.64	847010.47	4101335.48	1730668.48	2791974.88	921814.55	5103139.7	1900719.91	2805877.77	236149.05	109363.0	1370926.6	2402763.07	1664713.75	6806516.07	2463120.14	3925037.05	3853965.52	7528836.38	3572243.18	4905632.07	4316582.37	8856682.62	2420492.58	3046437.77	1549072.27	717816.9	2712498.74	3175640.89	2551049.74	983535.53	2139590.27	4090485.42	2132196.51	1104136.37	3319059.81	5627057.28	2476220.34	1257589.75	1404437.84	1956849.2	185482.17	1720476.61	958975.38	2425040.84	1002834.66	2139406.98	1790079.59	3820249.06	1597108.9	1963348.6	2848485.09	5224761.56	2926543.65	2866561.4	
Esophagus - Gastroesophageal Junction	2265159.84	3318605.49	794999.38	1751212.14	1746781.66	2970725.04	902844.22	6748350.7	2419869.64	3868934.38	784601.42	3798007.73	1599665.19	2438790.59	948268.78	4924343.51	1753231.86	2544792.95	152020.81	90809.75	1410208.36	2306784.83	1552465.78	6076111.25	2366367.75	3432656.18	3862492.04	7097677.42	3656342.48	4807110.21	4564976.64	8152692.43	2121957.34	2835220.54	1502503.94	784326.76	2724732.16	3372556.18	2475738.09	1134959.21	1883496.24	3283689.09	2061442.74	1067328.88	3218170.06	5387512.3	2421041.23	1370093.56	1302866.36	1799713.66	174200.6	1648610.41	910300.27	2229775.1	1082529.87	2198822.97	1575393.77	2993611.14	1597768.91	1738782.74	2014362.58	4361724.95	2552281.47	2729410.07	
Stomach	2559144.47	4050179.81	605340.15	1686790.08	1701362.61	3105289.05	678095.39	7468134.23	2418333.39	5191740.64	656870.62	3686673.32	1755635.4	3616610.0	848008.2	4733565.59	1864863.58	3937225.83	207367.08	115230.47	1055422.65	1889087.0	1175386.98	6518696.86	2219667.22	4493239.24	2874452.07	5772301.83	3617280.9	4741974.54	3509013.77	6874394.57	2515772.3	3646660.89	1432127.18	540518.65	2585861.66	4000961.38	2169600.42	782731.41	1944676.55	4795083.46	1915393.37	849737.34	2899483.39	5385552.98	1956742.46	1037294.11	998145.13	2110359.09	123991.85	2264330.66	753995.12	1792835.9	713408.86	1399180.33	1786725.45	4033275.07	1451635.4	1416136.14	2073815.99	5648197.92	2744870.6	2425616.66	
Colon - Sigmoid	2300686.19	3380944.99	812703.04	1772762.78	1758481.89	3042867.61	911343.0	6816393.94	2502983.03	3950724.83	792549.78	3891838.1	1618001.57	2491662.65	965159.25	5021944.06	1786958.68	2601515.49	154933.45	93879.27	1432677.35	2346709.32	1563000.93	6221828.88	2420216.74	3488543.71	3937008.68	7297705.57	3735193.55	4909228.5	4660279.52	8334361.14	2159344.94	2906821.43	1530288.64	802823.39	2772905.69	3458951.4	2506967.38	1149067.47	1896772.54	3361388.76	2126156.49	1092802.78	3290088.58	5489777.65	2476987.59	1388220.39	1296169.22	1791869.32	177466.35	1667991.8	923361.57	2300023.6	1118521.3	2260741.25	1601316.63	3041389.09	1635559.92	1776550.32	2070192.38	4477601.36	2579336.36	2794001.73	
Small Intestine - Terminal Ileum	2034016.48	2808637.71	728045.95	1536954.8	1555798.44	2509067.39	779616.37	5622887.88	2107020.77	3119940.44	726112.56	3140494.16	1424349.53	2051558.33	850602.57	4094169.1	1557321.22	2178940.07	131596.64	80530.33	1232526.26	1951537.7	1357839.13	4883154.98	2093841.06	2796964.95	3265284.76	5554553.57	3065698.55	3773621.78	3731388.68	6089613.29	1874567.25	2401942.77	1357393.62	631906.74	2300260.36	2820461.91	2131380.82	954815.27	1657138.47	2722825.6	1810492.46	854277.37	2689650.22	4250970.42	2046378.35	1074062.2	1143772.78	1540280.12	161373.53	1568562.24	751772.22	1744556.68	901715.86	1757752.6	1404703.93	2569843.09	1413497.62	1481327.55	1725342.77	3513042.57	2148754.46	2281612.92	
Colon - Transverse	1985197.2	2798810.98	699632.4	1504073.97	1506516.37	2495370.04	773847.62	5563370.75	2099937.26	3210626.35	701753.95	3147736.47	1396835.6	2059638.15	837278.14	4120714.77	1520530.6	2151837.87	134037.59	74730.27	1205947.88	1938270.94	1321175.91	4889201.27	2042638.15	2819305.61	3241936.51	5707798.62	3065808.78	3853376.08	3760357.59	6311841.58	1816034.3	2369198.6	1296060.29	644183.51	2293682.04	2822933.63	2095370.05	950025.59	1618336.93	2737761.52	1799382.61	875578.3	2712323.72	4345265.3	2056773.18	1108887.04	1107116.62	1509603.57	158313.35	1458513.61	751747.54	1788606.89	902428.05	1780032.22	1342152.47	2500345.27	1370295.3	1458230.54	1749659.85	3608868.61	2152092.75	2311515.36	
Prostate	2028839.48	2905304.15	720692.64	1561704.62	1580238.32	2653293.97	798185.96	5863200.79	2115490.65	3303178.14	723443.8	3256644.93	1447850.27	2132034.92	855569.24	4295902.29	1566332.41	2250654.32	144300.0	82554.68	1270625.02	2102095.0	1380855.38	5127377.82	2076092.22	2886691.98	3397978.9	5981045.31	3104526.16	4023441.4	3845917.16	6606835.93	1902835.58	2487847.1	1375727.16	680702.91	2422019.51	2996619.51	2214878.97	1050623.64	1686089.81	2852837.99	1829203.76	915683.46	2800154.29	4561716.76	2120527.87	1201133.92	1202196.69	1699803.2	169446.2	1563020.15	797986.53	1923327.24	965250.04	1919102.84	1417400.74	2672184.92	1450623.01	1558475.69	1810427.84	3787683.75	2228737.96	2395017.21	
Testis	2346263.12	2919135.66	1022579.03	1868097.76	1876324.38	2752474.84	997247.42	6106787.46	2287595.19	3180168.81	947892.0	3527882.01	1601995.98	2136315.98	1042572.79	4310901.87	1739786.28	2358452.86	149272.81	85885.6	1564163.52	2362833.65	1847298.57	5632949.75	2402735.31	2941488.36	3859029.42	5782642.93	3503789.42	4053561.74	4636362.7	6863516.61	2212241.28	2601610.67	1698265.7	716843.32	2699645.56	3155567.83	2555989.43	1147793.56	1888423.2	2860899.77	2106545.82	917076.94	2950335.85	4544644.27	2430270.72	1233598.69	1402078.89	1789543.54	183497.38	1712917.02	809551.69	1938043.51	1094108.76	2051828.83	1776808.52	3012655.72	1928671.83	1987864.11	1776814.39	3641299.31	2410909.74	2504397.45	
Nerve - Tibial	2645748.57	3587797.83	966463.94	2013422.11	2069350.26	3276817.66	1020640.12	7302681.85	2682403.58	4003573.7	932128.18	4067762.44	1883579.27	2610874.6	1103224.18	5357754.06	1953705.82	2786853.19	174018.56	91957.95	1603375.04	2590191.42	1801167.69	6311052.09	2712613.07	3602195.61	4350938.83	7094088.2	4103610.45	5003762.91	4986186.07	7877077.48	2481937.26	3140540.7	1764354.42	878575.02	3144589.14	3809508.68	2889762.23	1317690.17	2130314.55	3510121.61	2298906.82	1116188.3	3462374.58	5500769.35	2683928.67	1451525.52	1504937.66	2106471.05	203045.27	1956511.85	975524.79	2314111.67	1150626.35	2296434.06	1815745.14	3334398.01	1848516.99	1892592.52	2239330.45	4607356.99	2884088.39	2961397.37	
Skin - Sun Exposed (Lower leg)	2585684.9	3272646.98	807164.91	1789045.12	1902857.31	3028417.59	908761.85	7105257.22	2550105.87	3930344.92	859983.93	3717991.21	1671163.68	2440166.57	1004148.62	4967326.26	1950692.34	2784697.49	186387.62	85764.98	1527036.75	2467906.32	1790300.13	6344018.51	2613628.12	3583158.27	3918826.56	7025081.65	3711275.89	4654700.95	4603127.71	7665409.19	2631554.94	3513010.48	1814384.72	758205.63	2696100.46	3262404.48	2374714.65	1136560.99	2059117.08	3383181.94	2097702.6	966916.19	3347438.46	5339282.57	2395772.52	1303105.69	1314173.11	1956274.36	190593.79	1703949.6	1001842.82	2338222.89	1134552.57	2149297.35	1944837.44	3873098.39	1841279.18	1877677.94	3083018.94	5944289.66	3608192.02	3045403.49	
Heart - Left Ventricle	1295231.01	1955136.26	408822.86	960418.17	893377.26	1682353.08	455736.65	4053947.86	1389153.85	2332287.38	413979.02	2213859.27	860181.0	1318497.15	512422.02	2853449.57	909017.37	1448189.14	78629.31	75133.98	762573.66	1320018.28	795896.28	3391439.75	1234218.98	2037098.12	2090680.45	4338136.62	2068564.44	2828585.89	2552751.99	5170145.84	1097254.21	1614614.69	777588.92	446804.21	1401793.14	1705981.74	1235551.72	580744.55	1098867.59	1945354.95	1100483.66	576824.45	1862403.74	3082565.34	1391022.23	798129.2	607117.68	894159.19	95057.17	903270.08	489809.25	1293301.5	551753.39	1255947.04	766995.11	1553733.67	834201.94	981728.88	1049537.17	2302692.28	1281083.02	1457815.35	
Brain - Cerebellum	2162199.01	3043852.1	807513.29	1647399.6	1634836.21	2812644.4	865840.67	6325479.82	2123335.73	3413547.98	765394.96	3361396.93	1430864.46	2175900.21	915294.38	4557106.39	1588305.89	2367122.05	101479.59	74920.44	1367663.95	2272994.24	1454524.38	5489367.66	2135870.84	2991835.74	3314773.39	5698724.84	3286166.63	4306296.37	4071751.83	7082780.98	2044593.42	2697221.42	1537190.76	781594.32	2520163.41	3315442.38	2361967.76	1223105.88	1723440.43	2977850.35	1937144.77	1038057.04	2841973.33	4854059.9	2298468.74	1341875.14	1177885.31	1624631.71	156625.13	1659631.73	810411.5	2009995.7	998724.9	2103126.86	1611769.48	3044754.31	1469774.82	1637715.85	1701131.79	3879460.38	2260706.18	2622533.51	
Whole Blood	2090190.7	4683019.58	283659.62	735019.21	1044916.19	2749266.3	736927.25	11396898.59	905126.74	1695493.34	361001.87	3120607.54	1630683.89	2537973.91	344504.23	8174906.73	1496815.78	2024327.43	658550.93	46654.29	1264482.5	5956910.84	628784.58	3401737.75	1191653.34	3971357.52	2447594.45	8011745.84	2481778.08	5187327.51	2079842.11	5858772.73	2105264.34	3046301.82	595171.15	330629.23	2883621.38	2450712.8	1510411.61	1181506.41	1449594.24	5328954.88	1035916.23	427616.94	3329775.1	8396810.44	973327.7	2998133.32	981894.44	1185559.61	93174.86	1621886.75	689321.62	838509.45	387487.12	1150199.21	1048014.62	2624113.39	580179.21	1758839.62	2348011.48	5324481.42	916301.55	1405864.73	
Artery - Aorta	2826169.8	4208956.59	996904.16	2169405.2	2225035.64	3749317.71	1105175.28	8477191.83	2952320.82	4837298.67	994330.72	4590981.08	2078527.12	3110493.04	1214971.98	6128151.6	2227021.8	3325797.18	185384.74	118643.84	1789371.0	2929922.49	1996800.63	7352991.17	3058391.74	4400291.18	4714448.41	8305204.06	4575106.78	5982257.95	5731075.97	9609322.39	2680578.7	3562359.88	1890173.96	961346.13	3573346.36	4425325.68	3169008.84	1534802.73	2479980.09	4228675.95	2564968.64	1303617.03	3999799.03	6625408.92	2996017.09	1690237.78	1801766.15	2623828.86	226149.64	2193591.03	1147267.41	2803244.97	1286206.94	2614048.38	1931768.23	3869736.26	2009146.37	2179010.36	2631901.64	5591940.06	3366874.71	3491208.81	
Pituitary	2287591.21	3703002.35	779239.19	1636451.03	1876364.22	3368816.3	1118862.21	7574479.8	2141669.91	3772925.61	819071.95	3709481.23	1376791.42	2418265.43	908494.42	4513487.55	1857376.59	2663129.16	165545.26	127363.74	1477542.03	2374772.29	1673587.36	5838196.86	2118018.78	3700826.64	3540205.23	6490663.77	3298930.65	4843924.82	4428889.11	7728320.89	2096797.71	3100199.47	1630770.63	919757.04	2525030.19	3684368.41	2319233.82	1365035.24	1751776.03	3143480.16	1985952.54	1103356.02	3006802.72	5324760.67	2141638.38	1242872.67	1270373.39	2138869.1	194352.58	1852803.34	883010.59	2539908.91	1123786.31	2150054.98	1489082.6	3551473.05	1427211.0	1892906.31	1731482.92	4770788.32	2207504.69	2649285.27	
Brain - Frontal Cortex (BA9)	1781244.35	2477794.98	634231.01	1330452.56	1317783.47	2226041.77	694928.85	4989911.42	1813106.77	2832781.91	621057.74	2824905.43	1190026.71	1749139.35	747847.76	3636742.98	1318517.35	1925998.34	104549.99	67236.26	1084935.35	1758985.63	1150025.11	4256080.41	1770910.15	2439943.13	2723226.63	4734422.11	2747683.78	3473692.33	3388489.16	5673918.67	1571666.78	2106154.83	1158620.66	602050.86	1910060.06	2498369.93	1786300.03	925634.48	1390154.1	2393422.79	1538946.96	806875.92	2348788.36	3842437.16	1863776.04	1080515.29	918163.51	1306331.41	149612.49	1326768.05	637498.13	1569702.66	777279.94	1596449.59	1216999.23	2278540.3	1167097.28	1278649.58	1374330.83	3065492.63	1852608.46	2027983.84	
Brain - Caudate (basal ganglia)	1282281.46	1806587.55	461694.63	969849.73	961151.73	1628422.07	503274.45	3662719.75	1302731.62	2001076.1	458404.39	2023382.58	862700.34	1260037.39	533226.21	2623568.95	952674.75	1385080.35	76470.94	51585.08	792688.01	1284027.08	845568.62	3083050.67	1274534.09	1747623.54	1975046.78	3409877.33	1966233.23	2475615.38	2424459.26	4042723.79	1147824.94	1523104.25	840618.81	435536.09	1386785.55	1805127.0	1301401.58	670149.97	1006980.27	1736689.38	1118032.57	577732.98	1699738.38	2787149.56	1350579.29	795263.84	678813.5	961254.99	113297.8	978264.37	454780.7	1155700.64	559620.36	1166017.33	875093.91	1637208.94	873368.92	945153.44	1005232.21	2231025.08	1345304.78	1465789.28	
Brain - Nucleus accumbens (basal ganglia)	1352388.78	1902390.68	484426.38	1019352.05	1014261.55	1708526.7	529095.01	3848413.91	1377801.76	2115177.0	479395.82	2139618.02	912863.02	1334195.36	562809.69	2759082.98	1007099.26	1459345.62	83355.05	53136.64	832527.64	1350274.78	885528.92	3248081.04	1342438.19	1831138.28	2094681.01	3626233.28	2078846.15	2602679.8	2558107.7	4258080.06	1206197.69	1598806.08	884175.99	461702.91	1465327.81	1911481.83	1369591.77	711271.59	1063773.16	1822120.78	1172738.63	610732.21	1797671.21	2935274.44	1425487.6	842817.88	708707.54	1011542.41	120321.8	1029912.67	486318.3	1223653.52	595465.25	1233583.36	920993.68	1722106.69	924327.2	995853.6	1065717.33	2346694.46	1414575.76	1547467.21	
Brain - Putamen (basal ganglia)	1133132.58	1627400.28	399686.55	848619.94	847517.15	1444925.54	440723.6	3264373.41	1142420.58	1775725.41	396580.9	1795746.88	753295.6	1121887.61	468898.54	2333365.46	838165.06	1239768.93	69153.6	46976.94	700697.36	1164257.74	738178.43	2740508.87	1105514.47	1549291.4	1734477.42	3060389.57	1727691.73	2212448.9	2118089.05	3573178.28	1012470.55	1374615.23	745505.51	394938.21	1221448.27	1626606.34	1151795.25	604273.15	884905.47	1548362.45	988926.96	523124.31	1504928.5	2495125.3	1194549.57	721097.35	599075.5	861108.3	105945.85	870572.35	401533.74	1042317.52	492446.01	1044228.87	770441.53	1451828.77	789666.81	842555.75	893114.78	2030841.51	1214337.61	1308419.48	
Brain - Hypothalamus	1435843.96	1993288.02	514068.32	1057105.99	1064815.09	1764794.43	544917.09	3990197.06	1439592.79	2167972.52	506419.96	2227756.4	968982.45	1368944.48	596272.88	2843593.48	1061106.99	1535449.68	88045.06	52913.6	872499.02	1416304.76	920285.34	3391517.91	1406366.68	1929351.91	2215416.27	3790874.17	2180106.06	2727448.37	2711709.47	4445921.61	1257776.54	1682388.18	931671.25	471598.53	1513851.19	1992320.66	1425734.62	734511.48	1105289.33	1904212.09	1220093.93	630691.83	1900332.75	3068497.21	1480261.25	895098.02	732759.75	1104298.15	135220.29	1047442.12	508538.66	1297758.14	610438.53	1248806.69	958502.0	1756615.79	1012226.47	1075109.61	1107323.87	2489621.34	1526869.6	1611207.44	
Brain - Spinal cord (cervical c-1)	1850490.94	2566760.58	609183.29	1244092.33	1343211.11	2138799.56	636499.32	4819622.18	1767008.34	2567014.92	606330.95	2691456.85	1173760.37	1662814.41	747075.42	3302682.95	1323935.07	1924937.31	108063.36	58043.2	1133008.15	2021946.13	1138173.59	4118606.28	1645595.31	2320049.59	2718137.05	4877682.66	2679390.52	3362332.99	3253146.22	5144763.15	1589004.68	2273108.93	1251734.41	615922.74	1777017.45	2468686.4	1815661.88	881760.35	1335561.8	2397421.2	1554829.93	847556.79	2411159.13	3694586.6	1834612.01	1070467.91	913874.38	1185167.12	203979.16	1251434.11	585271.35	1616867.41	709653.09	1511006.06	1205237.84	2031576.91	1556700.36	1443685.87	1363235.16	3312850.15	2193237.23	1932800.96	
Brain - Hippocampus	1230082.15	1752887.07	431033.94	901607.9	912465.09	1542052.59	469372.66	3490504.98	1224596.71	1912887.72	425167.2	1926955.45	810866.47	1203376.69	510688.33	2486599.96	906696.45	1347970.7	75772.79	46717.72	756256.06	1284630.4	789409.47	2943235.46	1185189.63	1671959.46	1879380.99	3330142.0	1863535.92	2396028.97	2280789.67	3850052.91	1088748.77	1504509.65	816984.8	430358.53	1312895.07	1773742.18	1252267.35	657568.66	947511.29	1678029.85	1069464.24	576652.4	1624696.16	2688255.55	1282822.29	776529.32	640777.51	909866.64	115402.02	920357.44	433317.13	1133627.79	531587.23	1124345.03	836777.71	1565000.0	876502.11	929101.38	954480.17	2209517.51	1330965.08	1414899.77	
Brain - Anterior cingulate cortex (BA24)	1394530.71	1984326.8	490755.41	1043452.14	1036018.86	1775235.84	543707.37	4001695.36	1422738.73	2250065.77	483665.13	2237778.41	935136.63	1391714.45	581085.65	2895257.0	1035492.44	1538772.23	86513.7	54446.25	855522.51	1417784.22	901348.98	3386247.44	1381774.56	1940506.06	2146479.72	3795270.71	2151384.51	2758853.0	2637105.34	4504979.51	1238066.39	1684200.12	909895.77	484166.3	1516292.35	2018487.83	1414432.12	749821.13	1096136.09	1912460.65	1210590.87	648555.4	1858028.15	3089014.4	1469495.08	880425.71	724538.8	1051290.96	123470.76	1058047.17	506975.57	1278819.84	617491.22	1289178.74	951515.31	1815335.36	927294.2	1026334.03	1095702.26	2467927.0	1466146.4	1623968.89	
Ovary	2369905.1	3190665.19	852981.33	1802729.69	1888983.97	2815451.39	889487.34	6289527.05	2568543.52	3670577.38	826989.69	3689677.56	1786599.36	2378948.51	1036213.35	4725281.07	1835665.85	2518720.85	194796.32	88153.77	1451482.98	2367535.16	1604054.8	5614260.57	2446070.52	3261909.39	4243717.49	7096570.96	3682370.45	4383952.4	4530303.67	7044727.08	2247638.02	2731186.11	1553197.16	738113.75	2812555.85	3353392.04	2510400.65	1177963.2	2011354.18	3139042.23	2080373.85	980914.92	3327042.79	4941994.63	2407961.13	1278932.15	1378929.25	1810680.16	181990.64	1685630.95	1011649.41	2270706.91	1165831.75	2145557.86	1628320.77	2896921.63	1811804.59	1790468.16	2246707.55	4218925.36	2601733.72	2652032.95	
Brain - Cerebellar Hemisphere	2324801.51	3119929.3	885785.88	1758796.61	1753760.49	2842001.44	915503.8	6381107.2	2304991.69	3548634.51	833240.96	3558961.19	1560780.83	2231489.76	995361.87	4669585.36	1716229.16	2438204.33	116191.1	78389.14	1455499.2	2317616.07	1567687.78	5642146.93	2321300.44	3118888.53	3629228.74	5998496.55	3551927.88	4449574.39	4446358.73	7309044.29	2150986.22	2735350.73	1613471.62	792996.3	2604237.38	3307321.24	2442940.47	1221539.93	1839827.42	3051273.47	2058051.58	1052583.96	3014127.9	4913590.14	2431648.68	1365971.65	1245319.2	1647738.1	164573.37	1709152.6	857581.9	2026823.08	1051959.03	2108034.23	1709220.5	3090343.63	1597490.1	1717778.82	1818949.84	3942974.7	2421303.62	2675969.51	
Liver	2101589.78	2808137.39	709695.91	1400907.98	1457827.69	2380369.08	723228.22	5125863.86	1661195.53	2710621.44	680639.73	2649957.44	1391442.79	1859112.15	848967.6	3685754.65	1617063.91	2219390.05	111776.0	86605.66	1226519.93	1700412.32	1282952.25	4038646.64	2154843.71	2446994.7	3049615.01	4868206.07	2865691.24	3510335.31	3386088.22	5134145.46	1617888.34	1998041.85	1164725.65	599396.78	1983891.1	2356785.23	1680236.7	761246.54	1460113.4	2685728.57	1649069.8	792193.27	2675859.48	3834764.59	1825397.63	937374.14	1176726.86	1554908.16	190663.52	1782933.08	561155.26	1291467.14	755499.63	1285903.03	1167941.83	2227108.11	1368502.06	1285890.91	1409305.98	3135608.4	2050151.6	2053091.79	
Brain - Substantia nigra	1336467.45	1869241.94	459103.07	953690.59	987716.52	1608540.71	491166.44	3629550.58	1328066.51	1977739.97	453217.08	2051119.7	887141.5	1264702.5	554529.16	2596659.83	974365.63	1425260.4	85615.96	49361.01	821313.58	1401993.89	844426.63	3101130.49	1256743.27	1753877.19	2049478.88	3624757.43	2007379.23	2504869.5	2455073.83	3967690.74	1176021.11	1611926.46	885163.1	445288.15	1361508.25	1819582.66	1328317.31	661319.55	1016438.33	1775183.42	1148292.14	605302.68	1767973.27	2803587.61	1372270.62	811175.37	678562.92	939185.67	136938.51	965251.32	455613.79	1200917.14	551446.86	1151974.73	882992.62	1570722.82	1025397.89	1019791.3	1038967.49	2371529.54	1512932.44	1456509.6	
Kidney - Cortex	1383740.89	1970084.93	473206.61	1029374.32	1050913.78	1750447.33	542645.08	3903012.07	1400925.61	2131086.72	474674.53	2135834.21	945585.77	1428364.97	564625.55	2811249.56	1025166.63	1483098.88	103373.01	52444.71	835158.02	1382959.29	869015.51	3218723.1	1348846.12	1852420.14	2155665.81	3701441.94	2061277.16	2562812.58	2445850.24	4015024.54	1243676.36	1616929.59	855436.43	454357.43	1508439.13	1923833.97	1397757.34	680647.33	1092959.09	1858522.22	1158735.58	587856.43	1833788.29	2957165.07	1381195.24	792531.17	764566.75	1121925.44	123766.3	1063089.22	507570.5	1195942.89	596391.15	1186870.44	897914.88	1708841.16	914351.34	987956.6	1180103.98	2430132.88	1425258.69	1558864.18	
Brain - Amygdala	1197108.95	1710266.89	419701.75	891898.95	900709.96	1512734.21	462214.07	3427988.38	1220905.65	1891345.76	414967.8	1915000.35	809474.03	1187278.52	499694.42	2463033.24	890648.42	1320888.8	80996.57	47560.09	741855.25	1247038.29	779223.61	2902458.38	1176733.42	1656683.77	1878519.89	3327706.66	1842405.45	2346262.34	2254502.26	3799100.75	1072578.38	1459823.65	787284.3	415852.82	1292465.65	1728941.07	1220571.03	642373.79	944581.46	1647239.18	1046473.59	558360.04	1609503.31	2650374.87	1263271.78	767194.34	626764.41	894124.16	113634.37	905689.68	436697.17	1121915.27	531869.46	1109745.45	813322.16	1532262.93	849410.66	909648.77	957137.36	2151122.79	1294083.36	1386864.15	
Cervix - Ectocervix	2537352.65	3546852.42	870956.32	1887230.78	1949701.51	3187422.79	963044.13	7204969.9	2647128.37	4114221.28	885322.71	4012431.81	1838265.37	2663555.17	1044909.77	5200219.56	1943232.33	2786142.68	203214.81	101119.42	1528080.39	2569706.63	1755028.99	6402139.19	2603289.64	3689822.79	4303874.19	7545526.2	3930860.5	4917836.51	4780748.72	8120197.29	2410329.68	3043316.28	1651621.94	797783.39	3217302.97	3699911.05	2804011.15	1230136.2	2136770.96	3622035.83	2230208.5	1101462.09	3543762.21	5523300.96	2587623.04	1398896.69	1501452.81	2104689.61	196966.2	1833960.82	1034931.56	2412737.9	1183665.45	2282296.58	1781079.04	3393524.67	1833362.01	1936248.26	2681471.39	4982923.36	3008338.81	2975069.5	
Fallopian Tube	2483215.07	3516109.53	888222.46	1903016.73	1933442.94	3133502.28	971785.61	7026689.17	2576452.92	3958177.13	872996.17	3943076.24	1782570.88	2584721.88	1049454.62	5135642.44	1903571.53	2730694.75	171046.88	94910.22	1535496.01	2535801.44	1694941.46	6165144.77	2551027.5	3522334.56	4180116.53	7168292.69	3859440.89	4850184.38	4759020.27	7843490.57	2373473.04	3047793.34	1662297.78	831834.2	3031117.14	3752903.11	2717634.62	1299616.42	2083092.04	3464123.09	2207336.78	1098790.76	3424674.71	5473451.91	2571382.17	1442872.57	1473652.2	2042543.15	196706.08	1836746.31	990681.65	2345289.68	1173585.33	2283596.34	1735080.11	3286270.05	1797020.19	1883844.43	2222279.39	4619501.02	2754990.13	2927299.31	
Cervix - Endocervix	2487680.67	3502975.75	893043.4	1908941.92	1971624.97	3141501.17	963145.11	6964973.62	2624148.4	3978180.44	872574.22	3936461.72	1820460.28	2591129.41	1068092.69	5161494.71	1917832.28	2718692.42	176534.08	95508.21	1542282.3	2538435.35	1716058.18	6159469.39	2577600.66	3543920.79	4287508.27	7300614.85	3937218.1	4845721.62	4786825.52	7776895.36	2367872.29	2988285.83	1654983.48	806416.28	3257933.84	3789990.34	2800074.16	1285557.46	2114039.11	3434609.69	2232421.06	1102173.65	3547867.59	5437145.15	2578959.27	1407445.72	1499824.81	2106724.35	198967.19	1843313.3	1042029.46	2354968.32	1207737.65	2301851.95	1750579.09	3231341.5	1849197.43	1891819.4	2522708.89	4748295.38	2945249.0	2955714.99	
Bladder	2373978.04	3408690.78	837972.86	1825390.47	1836961.65	3066198.6	939690.65	6847602.35	2509224.31	3916906.96	821767.86	3814920.16	1668479.32	2502763.81	1000139.25	5000999.53	1818690.59	2628263.41	159571.76	90784.53	1466801.29	2382277.23	1604743.85	6109087.04	2443497.31	3463312.67	3960537.04	7079148.32	3730888.14	4789746.02	4598129.11	7934417.29	2212044.03	2893461.29	1562987.3	802452.31	2828103.02	3482623.02	2564169.92	1187725.05	1968593.63	3339800.67	2127329.48	1087045.15	3323721.41	5400758.11	2484001.5	1396056.25	1353097.97	1872880.06	182781.61	1729603.41	940545.34	2260167.1	1119052.44	2222252.7	1634835.09	3063893.96	1667219.96	1780569.62	2145823.56	4452522.6	2638556.73	2808640.26	
Kidney - Medulla	1564826.31	2144609.85	559767.04	1185891.85	1190541.91	1917198.09	616452.88	4267183.46	1604083.16	2375245.04	551058.43	2411520.42	1095597.65	1560475.76	665641.13	3131410.49	1179063.13	1635168.89	112440.66	58589.24	948773.05	1522339.3	1008440.21	3628131.08	1564144.19	2066777.51	2514018.02	4202010.29	2380871.01	2874682.63	2868284.48	4540812.65	1419296.65	1792494.28	991263.97	501755.15	1713190.02	2127495.48	1585899.13	761410.58	1260342.27	2054197.16	1339124.52	657304.71	2087019.23	3272623.61	1581771.56	883819.68	878623.21	1260644.08	139283.37	1164674.9	577908.64	1323727.79	689376.33	1340218.11	1059981.61	1932637.67	1082570.56	1124937.54	1329115.97	2691041.36	1633306.72	1752783.34	
Genomic	1345484	1367806	689145	1052279	1106851	1391429	584767	2813643	1295762	1459807	637556	1677888	922234	1050009	602084	2011761	949353	1052006	34502	27354	929989	1142446	1106752	2756517	1446611	1427415	2169279	2483951	1882177	1894516	2644966	3078049	1325110	1350473	1108355	316763	1496300	1473428	1467896	480590	1117630	1388473	1294206	436790	1475932	2003500	1335414	464292	818211	846046	62824	910905	356134	680327	501278	829391	1098600	1536075	1046642	951166	845041	1541147	1343257	1192278
