seq_id	description	length_nt	A	C	G	T	tissue	tissue_cai	frac_opt_codons	species	species_tai	length_aa	mw	pI	gravy	aromaticity	helix_frac	sheet_frac	coil_frac	aa_A	aa_C	aa_D	aa_E	aa_F	aa_G	aa_H	aa_I	aa_K	aa_L	aa_M	aa_N	aa_P	aa_Q	aa_R	aa_S	aa_T	aa_V	aa_W	aa_Y
lcl|NM_001001956.1_cds_NP_001001956.1_1	lcl|NM_001001956.1_cds_NP_001001956.1_1 [gene=OR13C9] [db_xref=CCDS:CCDS35093.1] [protein=olfactory receptor 13C9] [protein_id=NP_001001956.1] [location=1..957] [gbkey=CDS]	957	0.2507836990595611	0.23824451410658307	0.2006269592476489	0.3103448275862069	Genomic	0.7989159102028152	0.6081504702194357	H_sapiens	0.29549464168480827	318	35853.4823	8.56064395904541	0.6566037735849056	0.11635220125786164	0.31761006289308175	0.4779874213836478	0.2044025157232704	5.031446540880503	2.5157232704402515	2.830188679245283	3.459119496855346	7.547169811320755	4.40251572327044	2.5157232704402515	9.433962264150944	4.716981132075472	12.89308176100629	5.660377358490566	4.088050314465409	4.088050314465409	1.2578616352201257	2.830188679245283	8.80503144654088	6.289308176100629	7.547169811320755	0.6289308176100629	3.459119496855346
lcl|NM_001001918.1_cds_NP_001001918.1_1	lcl|NM_001001918.1_cds_NP_001001918.1_1 [gene=OR14C36] [db_xref=CCDS:CCDS31112.1] [protein=olfactory receptor 14C36] [protein_id=NP_001001918.1] [location=1..939] [gbkey=CDS]	939	0.21192758253461128	0.2715654952076677	0.19275825346112885	0.32374866879659214	Genomic	0.8121555665964484	0.6230031948881789	H_sapiens	0.2994361060221252	312	34815.0986	8.708212089538574	0.7855769230769231	0.1185897435897436	0.24358974358974358	0.4903846153846154	0.26602564102564097	4.8076923076923075	3.8461538461538463	2.8846153846153846	1.2820512820512822	7.6923076923076925	3.8461538461538463	2.5641025641025643	9.294871794871796	2.5641025641025643	11.538461538461538	4.166666666666667	3.2051282051282053	4.8076923076923075	2.5641025641025643	3.5256410256410255	10.897435897435898	6.410256410256411	9.935897435897436	0.32051282051282054	3.8461538461538463
lcl|NM_001428279.1_cds_NP_001415208.1_1	lcl|NM_001428279.1_cds_NP_001415208.1_1 [gene=PPP2R2B] [db_xref=GeneID:5521,HGNC:HGNC:9305,MIM:604325] [protein=serine/threonine-protein phosphatase 2A 55 kDa regulatory subunit B beta isoform isoform e] [protein_id=NP_001415208.1] [location=182..1513] [gbkey=CDS]	1332	0.3063063063063063	0.23273273273273273	0.24024024024024024	0.22072072072072071	Genomic	0.8304626967120763	0.6328828828828829	H_sapiens	0.3144777164217022	443	51709.5138	6.006312751770018	-0.6257336343115124	0.10383747178329572	0.27765237020316025	0.3611738148984199	0.3611738148984199	4.74040632054176	1.580135440180587	6.997742663656885	8.126410835214447	5.191873589164786	2.9345372460496613	3.160270880361174	6.772009029345372	6.094808126410835	6.54627539503386	2.2573363431151243	6.997742663656885	3.386004514672686	2.0316027088036117	7.223476297968397	8.352144469525959	6.320541760722348	6.094808126410835	1.3544018058690745	3.8374717832957113
lcl|NM_001426867.1_cds_NP_001413796.1_1	lcl|NM_001426867.1_cds_NP_001413796.1_1 [gene=INF2] [db_xref=GeneID:64423,HGNC:HGNC:23791,MIM:610982] [protein=inverted formin-2 isoform 3] [protein_id=NP_001413796.1] [location=270..974] [gbkey=CDS]	705	0.17304964539007092	0.324822695035461	0.33191489361702126	0.1702127659574468	Genomic	0.8486361540027578	0.7531914893617021	H_sapiens	0.372262641097256	234	25953.699299999997	5.785265922546387	0.0222222222222222	0.05555555555555555	0.35470085470085466	0.37606837606837606	0.2692307692307693	7.264957264957265	2.1367521367521367	5.128205128205129	5.982905982905983	1.7094017094017093	6.410256410256411	0.8547008547008547	3.8461538461538463	3.4188034188034186	16.23931623931624	2.5641025641025643	3.8461538461538463	2.9914529914529915	6.410256410256411	6.837606837606837	8.547008547008547	2.9914529914529915	8.974358974358974	0.8547008547008547	2.9914529914529915
lcl|NM_001287747.2_cds_NP_001274676.1_1	lcl|NM_001287747.2_cds_NP_001274676.1_1 [gene=FDFT1] [db_xref=CCDS:CCDS75696.1] [protein=squalene synthase isoform 2] [protein_id=NP_001274676.1] [location=535..1596] [gbkey=CDS]	1062	0.2674199623352166	0.24105461393596986	0.24293785310734464	0.24858757062146894	Genomic	0.8297718089683584	0.6412429378531074	H_sapiens	0.31604273089150703	353	40769.3073	5.643964195251464	-0.19150141643059493	0.1048158640226629	0.3087818696883853	0.3937677053824363	0.29745042492917845	6.515580736543909	1.9830028328611897	5.665722379603399	6.515580736543909	4.53257790368272	3.68271954674221	2.54957507082153	7.0821529745042495	4.53257790368272	9.91501416430595	3.3994334277620397	4.2492917847025495	3.68271954674221	5.949008498583569	5.38243626062323	6.515580736543909	5.38243626062323	6.515580736543909	1.4164305949008498	4.53257790368272
lcl|NM_001426231.1_cds_NP_001413160.1_1	lcl|NM_001426231.1_cds_NP_001413160.1_1 [gene=FCRL6] [db_xref=GeneID:343413,HGNC:HGNC:31910,MIM:613562] [protein=Fc receptor-like protein 6 isoform 3 precursor] [protein_id=NP_001413160.1] [location=83..1417] [gbkey=CDS]	1335	0.21797752808988763	0.27565543071161047	0.2794007490636704	0.22696629213483147	Genomic	0.8362251853352106	0.6404494382022472	H_sapiens	0.3405993590771481	444	48834.4696	7.89565258026123	-0.2096846846846847	0.07432432432432433	0.2972972972972973	0.34459459459459457	0.35810810810810806	6.531531531531532	3.1531531531531534	2.7027027027027026	6.306306306306307	3.1531531531531534	6.981981981981982	2.4774774774774775	2.2522522522522523	4.2792792792792795	10.81081081081081	1.8018018018018018	2.2522522522522523	8.558558558558559	6.081081081081081	5.18018018018018	9.234234234234235	5.18018018018018	8.783783783783784	1.8018018018018018	2.4774774774774775
lcl|NM_001425309.1_cds_NP_001412238.1_1	lcl|NM_001425309.1_cds_NP_001412238.1_1 [gene=NARS2] [db_xref=GeneID:79731,HGNC:HGNC:26274,MIM:612803] [protein=asparaginyl-tRNA synthetase isoform 13] [protein_id=NP_001412238.1] [location=377..1540] [gbkey=CDS]	1164	0.25945017182130586	0.218213058419244	0.24312714776632302	0.27920962199312716	Genomic	0.7744179471465102	0.4896907216494845	H_sapiens	0.30233380332156096	387	43604.384399999995	8.101048851013182	-0.23927648578811372	0.09819121447028424	0.29457364341085274	0.3643410852713178	0.3410852713178294	4.909560723514212	1.8087855297157622	3.875968992248062	7.493540051679586	6.2015503875969	8.010335917312661	3.6175710594315245	5.167958656330749	5.426356589147287	10.594315245478036	1.0335917312661498	3.6175710594315245	5.426356589147287	3.875968992248062	6.459948320413437	8.010335917312661	3.10077519379845	7.751937984496124	0.7751937984496124	2.842377260981912
lcl|NM_001425311.1_cds_NP_001412240.1_1	lcl|NM_001425311.1_cds_NP_001412240.1_1 [gene=NARS2] [db_xref=GeneID:79731,HGNC:HGNC:26274,MIM:612803] [protein=asparaginyl-tRNA synthetase isoform 15] [protein_id=NP_001412240.1] [location=933..1715] [gbkey=CDS]	783	0.27330779054916987	0.20945083014048532	0.227330779054917	0.28991060025542786	Genomic	0.7734430497956368	0.5440613026819924	H_sapiens	0.30645139162059093	260	30144.324299999997	5.50897159576416	-0.15230769230769234	0.12692307692307692	0.3269230769230769	0.40384615384615385	0.2692307692307693	4.615384615384615	1.9230769230769231	4.230769230769231	9.23076923076923	8.461538461538462	6.538461538461538	3.4615384615384617	4.615384615384615	4.230769230769231	11.538461538461538	3.076923076923077	3.8461538461538463	5.0	3.8461538461538463	5.769230769230769	3.8461538461538463	5.0	6.538461538461538	0.7692307692307693	3.4615384615384617
lcl|NM_001424107.1_cds_NP_001411036.1_1	lcl|NM_001424107.1_cds_NP_001411036.1_1 [gene=COL10A1] [db_xref=GeneID:1300,HGNC:HGNC:2185,MIM:120110] [protein=collagen alpha-1(X) chain precursor] [protein_id=NP_001411036.1] [location=190..2232] [gbkey=CDS]	2043	0.2540381791483113	0.2736172295643661	0.2887909936368086	0.18355359765051396	Genomic	0.8122093715407109	0.5154185022026432	H_sapiens	0.3060604387500542	680	66157.1386	9.678590202331542	-0.5560294117647059	0.05588235294117647	0.20441176470588238	0.22058823529411764	0.575	5.294117647058823	0.14705882352941177	1.7647058823529411	3.235294117647059	2.2058823529411766	25.735294117647058	1.4705882352941178	3.9705882352941178	5.147058823529412	5.147058823529412	1.6176470588235294	2.0588235294117645	21.323529411764707	3.3823529411764706	2.7941176470588234	3.9705882352941178	3.5294117647058822	3.823529411764706	0.29411764705882354	3.088235294117647
lcl|NM_001423250.1_cds_NP_001410179.1_1	lcl|NM_001423250.1_cds_NP_001410179.1_1 [gene=CAST] [db_xref=GeneID:831,HGNC:HGNC:1515,MIM:114090] [protein=calpastatin isoform i] [protein_id=NP_001410179.1] [location=550..2676] [gbkey=CDS]	2127	0.36483309826046073	0.22284908321579688	0.231781852374236	0.18053596614950634	Genomic	0.8061143924170987	0.4809590973201692	H_sapiens	0.312037878652973	708	76571.9318	4.976219749450683	-1.1926553672316385	0.015536723163841809	0.42372881355932207	0.20480225988700565	0.37146892655367236	8.615819209039548	0.9887005649717514	9.463276836158192	11.864406779661017	0.7062146892655368	5.084745762711864	0.9887005649717514	2.542372881355932	14.124293785310735	6.3559322033898304	1.4124293785310735	1.4124293785310735	9.745762711864407	3.389830508474576	2.542372881355932	9.887005649717514	6.497175141242938	3.531073446327684	0.0	0.847457627118644
